iter,time,reward,steps,convergence
1,0.023368537999999717,-7923.6,499.32,89.1
2,0.025660440000002893,-8909.1,493.87,79.2
3,0.028613680000006525,-7200.0,492.55,69.3
