iter,time,reward,steps,convergence
1,0.34653560000000105,-4949.5,496.17,89.7207904
