iter,time,reward,steps,convergence
1,0.027127280000000198,-10153.6,490.39,90.09
2,0.0303263230000006,-10799.8,489.29,80.19
3,0.033536667000001685,-7835.7,493.95,70.28999999999999
