iter,time,reward,steps,convergence
1,0.03473506200000109,-8706.6,484.36,89.59
2,0.03796772599999976,-8339.8,487.92,80.67999999999999
3,0.041294953999999606,-7818.8,498.94,71.77
