iter,time,reward,steps,convergence
1,0.069413434,-4990.0,500.0,81.7072
2,0.09138764799999999,-4990.0,500.0,69.18359669759997
3,0.12094718300000107,-4990.0,500.0,24.712479206777346
